{
  "cir_fidelity": 0.5309265458972532,
  "cir_fidelity_1q_gate": 0.9684050724489265,
  "cir_fidelity_2q_gate": 0.8348931673187264,
  "cir_fidelity_2q_gate_for_idle": 1,
  "cir_fidelity_atom_transfer": 0.8520755747117411,
  "cir_fidelity_coherence": 0.770669837110816,
  "cir_duration": 5685.807382846248
}