{
  "cir_fidelity": 0.8664823461472938,
  "cir_fidelity_1q_gate": 0.99163393171361,
  "cir_fidelity_2q_gate": 0.9369146928798039,
  "cir_fidelity_2q_gate_for_idle": 1,
  "cir_fidelity_atom_transfer": 0.9455126435024226,
  "cir_fidelity_coherence": 0.98637248573101,
  "cir_duration": 1634.0792148739338
}