{
  "cir_fidelity": 0.6736053493880519,
  "cir_fidelity_1q_gate": 0.9795097323372379,
  "cir_fidelity_2q_gate": 0.8433051360508336,
  "cir_fidelity_2q_gate_for_idle": 1,
  "cir_fidelity_atom_transfer": 0.8692973418545477,
  "cir_fidelity_coherence": 0.9380882040094392,
  "cir_duration": 2899.770127549858
}