{
  "cir_fidelity": 0.17995321505658066,
  "cir_fidelity_1q_gate": 0.903015732658591,
  "cir_fidelity_2q_gate": 0.3781618071286901,
  "cir_fidelity_2q_gate_for_idle": 1,
  "cir_fidelity_atom_transfer": 0.5575003238156508,
  "cir_fidelity_coherence": 0.94523872287915,
  "cir_duration": 1132.9790964133263
}