{
  "cir_fidelity": 0.5335242134786757,
  "cir_fidelity_1q_gate": 0.9684050724489265,
  "cir_fidelity_2q_gate": 0.8348931673187264,
  "cir_fidelity_2q_gate_for_idle": 1,
  "cir_fidelity_atom_transfer": 0.8589229565610549,
  "cir_fidelity_coherence": 0.7682666152039784,
  "cir_duration": 5750.769516928897
}