{
  "cir_fidelity": 0.6452648784458204,
  "cir_fidelity_1q_gate": 0.9795097323372379,
  "cir_fidelity_2q_gate": 0.8433051360508336,
  "cir_fidelity_2q_gate_for_idle": 1,
  "cir_fidelity_atom_transfer": 0.8658253647948606,
  "cir_fidelity_coherence": 0.9022236807482094,
  "cir_duration": 4568.144203018252
}