{
  "cir_fidelity": 0.14512804594769574,
  "cir_fidelity_1q_gate": 0.903015732658591,
  "cir_fidelity_2q_gate": 0.3781618071286901,
  "cir_fidelity_2q_gate_for_idle": 1,
  "cir_fidelity_atom_transfer": 0.4600646486360105,
  "cir_fidelity_coherence": 0.9237607448147236,
  "cir_duration": 1513.9264355909165
}