{
  "cir_fidelity": 0.26006323098017153,
  "cir_fidelity_1q_gate": 0.9551308937479459,
  "cir_fidelity_2q_gate": 0.5907768628656768,
  "cir_fidelity_2q_gate_for_idle": 1,
  "cir_fidelity_atom_transfer": 0.6015448579979461,
  "cir_fidelity_coherence": 0.7661689791584059,
  "cir_duration": 13337.682751207294
}