{
  "cir_fidelity": 0.35791050608063135,
  "cir_fidelity_1q_gate": 0.9637671722479362,
  "cir_fidelity_2q_gate": 0.6563549768288436,
  "cir_fidelity_2q_gate_for_idle": 1,
  "cir_fidelity_atom_transfer": 0.6755716005914152,
  "cir_fidelity_coherence": 0.8375141442258134,
  "cir_duration": 11094.828497728644
}