{
  "cir_fidelity": 0.5214792120193456,
  "cir_fidelity_1q_gate": 0.9689863770663911,
  "cir_fidelity_2q_gate": 0.7705488893118834,
  "cir_fidelity_2q_gate_for_idle": 1,
  "cir_fidelity_atom_transfer": 0.8056482291095438,
  "cir_fidelity_coherence": 0.8669093232957965,
  "cir_duration": 8237.154328271758
}