{"scheduling": 0.0001704692840576172, "initial placement": 19.028360843658447, "intermediate placement": 0.28022265434265137, "routing": 0.048226118087768555, "total": 19.358969926834106}