{"scheduling": 2.8848648071289062e-05, "initial placement": 13.628407716751099, "intermediate placement": 0.03371262550354004, "routing": 0.0026984214782714844, "total": 13.667514085769653}