{"scheduling": 3.552436828613281e-05, "initial placement": 9.413818836212158, "intermediate placement": 0.05005240440368652, "routing": 0.0034003257751464844, "total": 9.470796823501587}