{"scheduling": 6.771087646484375e-05, "initial placement": 8.357004404067993, "intermediate placement": 0.12805771827697754, "routing": 0.006526947021484375, "total": 8.499284267425537}