{"scheduling": 3.504753112792969e-05, "initial placement": 14.612999200820923, "intermediate placement": 0.04716968536376953, "routing": 0.0036301612854003906, "total": 14.667495727539062}