{"scheduling": 3.7670135498046875e-05, "initial placement": 18.01513433456421, "intermediate placement": 0.05513596534729004, "routing": 0.004141330718994141, "total": 18.078728437423706}