{"scheduling": 5.3882598876953125e-05, "initial placement": 18.865122318267822, "intermediate placement": 0.10023760795593262, "routing": 0.0067555904388427734, "total": 18.978713750839233}