{"scheduling": 3.910064697265625e-05, "initial placement": 18.036139965057373, "intermediate placement": 0.058194637298583984, "routing": 0.004649639129638672, "total": 18.103596210479736}