{"scheduling": 6.031990051269531e-05, "initial placement": 18.434038877487183, "intermediate placement": 0.11988282203674316, "routing": 0.0066034793853759766, "total": 18.567991733551025}