{"scheduling": 0.00010728836059570312, "initial placement": 19.638372898101807, "intermediate placement": 0.28002262115478516, "routing": 0.013835668563842773, "total": 19.947337865829468}