{"scheduling": 7.009506225585938e-05, "initial placement": 19.303534030914307, "intermediate placement": 0.08228492736816406, "routing": 0.01051020622253418, "total": 19.39744234085083}