{"scheduling": 0.0001442432403564453, "initial placement": 19.37584352493286, "intermediate placement": 0.31606101989746094, "routing": 0.08854937553405762, "total": 19.78226613998413}