{"scheduling": 0.00012946128845214844, "initial placement": 23.59644889831543, "intermediate placement": 0.28247737884521484, "routing": 0.0183255672454834, "total": 23.9118070602417}