{"scheduling": 5.3882598876953125e-05, "initial placement": 27.697493314743042, "intermediate placement": 0.07381248474121094, "routing": 0.006962776184082031, "total": 27.782801628112793}