{"scheduling": 0.0006537437438964844, "initial placement": 230.53882217407227, "intermediate placement": 0.8910174369812012, "routing": 0.05573248863220215, "total": 231.51097869873047}