{"scheduling": 0.0004794597625732422, "initial placement": 137.71968913078308, "intermediate placement": 0.3721318244934082, "routing": 0.02257990837097168, "total": 138.12838125228882}