{"scheduling": 0.000102996826171875, "initial placement": 28.187170267105103, "intermediate placement": 0.14863109588623047, "routing": 0.01097416877746582, "total": 28.354769945144653}