{"scheduling": 0.0001316070556640625, "initial placement": 24.052008628845215, "intermediate placement": 0.19693779945373535, "routing": 0.014452934265136719, "total": 24.276628255844116}