{"scheduling": 6.794929504394531e-05, "initial placement": 18.620816707611084, "intermediate placement": 0.11995410919189453, "routing": 0.008394241333007812, "total": 18.754902124404907}