{
  "cir_fidelity": 0.8571652757801561,
  "cir_fidelity_1q_gate": 0.99163393171361,
  "cir_fidelity_2q_gate": 0.9369146928798039,
  "cir_fidelity_2q_gate_for_idle": 1,
  "cir_fidelity_atom_transfer": 0.9455126435024226,
  "cir_fidelity_coherence": 0.9757662663445136,
  "cir_duration": 2790.817261521812
}