{
  "cir_fidelity": 0.7620962330351111,
  "cir_fidelity_1q_gate": 0.9871809377902877,
  "cir_fidelity_2q_gate": 0.9000874278732445,
  "cir_fidelity_2q_gate_for_idle": 1,
  "cir_fidelity_atom_transfer": 0.9157205572498957,
  "cir_fidelity_coherence": 0.9366242433360368,
  "cir_duration": 4619.7624010741665
}