{
  "cir_fidelity": 0.25121152957695536,
  "cir_fidelity_1q_gate": 0.9551308937479459,
  "cir_fidelity_2q_gate": 0.5907768628656768,
  "cir_fidelity_2q_gate_for_idle": 1,
  "cir_fidelity_atom_transfer": 0.6211155405084055,
  "cir_fidelity_coherence": 0.7167716199501311,
  "cir_duration": 16515.956721031987
}