{
  "cir_fidelity": 0.08133900221128934,
  "cir_fidelity_1q_gate": 0.9073612810115471,
  "cir_fidelity_2q_gate": 0.21570623976979011,
  "cir_fidelity_2q_gate_for_idle": 1,
  "cir_fidelity_atom_transfer": 0.5229213460638851,
  "cir_fidelity_coherence": 0.7947298380902045,
  "cir_duration": 20512.55976446989
}