{"scheduling": 3.24249267578125e-05, "initial placement": 7.390975952148438e-05, "intermediate placement": 0.014700889587402344, "routing": 0.003151416778564453, "total": 0.02139759063720703}