{"scheduling": 2.6941299438476562e-05, "initial placement": 5.4836273193359375e-05, "intermediate placement": 0.009723186492919922, "routing": 0.002348184585571289, "total": 0.014624357223510742}