{"scheduling": 5.5789947509765625e-05, "initial placement": 0.0001862049102783203, "intermediate placement": 0.04604816436767578, "routing": 0.05393075942993164, "total": 0.10709452629089355}