{"scheduling": 3.552436828613281e-05, "initial placement": 9.608268737792969e-05, "intermediate placement": 0.01625823974609375, "routing": 0.0031642913818359375, "total": 0.022982358932495117}