{"scheduling": 3.600120544433594e-05, "initial placement": 7.104873657226562e-05, "intermediate placement": 0.01784801483154297, "routing": 0.003983259201049805, "total": 0.02598285675048828}