{"scheduling": 5.364418029785156e-05, "initial placement": 0.00010442733764648438, "intermediate placement": 0.03236746788024902, "routing": 0.0057332515716552734, "total": 0.04477334022521973}