{"scheduling": 0.00010323524475097656, "initial placement": 0.00020384788513183594, "intermediate placement": 0.1078026294708252, "routing": 0.013471126556396484, "total": 0.13644742965698242}