{"scheduling": 3.7670135498046875e-05, "initial placement": 7.390975952148438e-05, "intermediate placement": 0.018293380737304688, "routing": 0.0037603378295898438, "total": 0.02634906768798828}