{"scheduling": 5.841255187988281e-05, "initial placement": 0.00011444091796875, "intermediate placement": 0.03873324394226074, "routing": 0.00705718994140625, "total": 0.05334115028381348}