{"scheduling": 0.0001513957977294922, "initial placement": 0.00024890899658203125, "intermediate placement": 0.04991793632507324, "routing": 0.08272957801818848, "total": 0.13463521003723145}