{"scheduling": 6.914138793945312e-05, "initial placement": 0.00011920928955078125, "intermediate placement": 0.01340031623840332, "routing": 0.012158632278442383, "total": 0.026694059371948242}