{"scheduling": 0.00013208389282226562, "initial placement": 0.00010180473327636719, "intermediate placement": 0.07910346984863281, "routing": 0.019944429397583008, "total": 0.1138920783996582}