{"scheduling": 5.1975250244140625e-05, "initial placement": 5.841255187988281e-05, "intermediate placement": 0.018293142318725586, "routing": 0.006243467330932617, "total": 0.029066801071166992}