{"scheduling": 0.0003414154052734375, "initial placement": 6.508827209472656e-05, "intermediate placement": 0.06781268119812012, "routing": 0.022469520568847656, "total": 0.1032710075378418}