{"scheduling": 0.0007712841033935547, "initial placement": 0.00010275840759277344, "intermediate placement": 0.1631450653076172, "routing": 0.12466025352478027, "total": 0.3128325939178467}