{"scheduling": 8.702278137207031e-05, "initial placement": 5.078315734863281e-05, "intermediate placement": 0.02988719940185547, "routing": 0.010934829711914062, "total": 0.04816627502441406}