{"scheduling": 0.00010275840759277344, "initial placement": 7.987022399902344e-05, "intermediate placement": 0.05721116065979004, "routing": 0.01630091667175293, "total": 0.08555340766906738}