{"scheduling": 6.246566772460938e-05, "initial placement": 8.416175842285156e-05, "intermediate placement": 0.027605295181274414, "routing": 0.007187604904174805, "total": 0.04045438766479492}