{"scheduling": 2.7894973754882812e-05, "initial placement": 5.817413330078125e-05, "intermediate placement": 0.005761623382568359, "routing": 0.0029108524322509766, "total": 0.008890867233276367}