{"scheduling": 6.270408630371094e-05, "initial placement": 0.0001895427703857422, "intermediate placement": 0.024548768997192383, "routing": 0.007604122161865234, "total": 0.03271079063415527}