{"scheduling": 3.933906555175781e-05, "initial placement": 7.367134094238281e-05, "intermediate placement": 0.008244037628173828, "routing": 0.0038962364196777344, "total": 0.012413501739501953}