{"scheduling": 3.933906555175781e-05, "initial placement": 9.751319885253906e-05, "intermediate placement": 0.009205341339111328, "routing": 0.0038247108459472656, "total": 0.013312101364135742}