{"scheduling": 5.626678466796875e-05, "initial placement": 0.000102996826171875, "intermediate placement": 0.017549514770507812, "routing": 0.007105350494384766, "total": 0.02505946159362793}