{"scheduling": 4.100799560546875e-05, "initial placement": 7.319450378417969e-05, "intermediate placement": 0.009543180465698242, "routing": 0.005075931549072266, "total": 0.01490330696105957}