{"scheduling": 6.747245788574219e-05, "initial placement": 0.00012254714965820312, "intermediate placement": 0.020962238311767578, "routing": 0.008068084716796875, "total": 0.02950286865234375}