{"scheduling": 4.506111145019531e-05, "initial placement": 7.653236389160156e-05, "intermediate placement": 0.010077238082885742, "routing": 0.004590749740600586, "total": 0.014956951141357422}