{"scheduling": 0.00011444091796875, "initial placement": 0.00020742416381835938, "intermediate placement": 0.053768157958984375, "routing": 0.061283111572265625, "total": 0.11590027809143066}