{"scheduling": 0.0001494884490966797, "initial placement": 0.00024819374084472656, "intermediate placement": 0.04682517051696777, "routing": 0.06073141098022461, "total": 0.10815763473510742}