{"scheduling": 7.724761962890625e-05, "initial placement": 0.00011801719665527344, "intermediate placement": 0.011451482772827148, "routing": 0.016757488250732422, "total": 0.028544187545776367}