{"scheduling": 0.00013017654418945312, "initial placement": 9.298324584960938e-05, "intermediate placement": 0.039949655532836914, "routing": 0.021887540817260742, "total": 0.06257486343383789}