{"scheduling": 6.0558319091796875e-05, "initial placement": 6.103515625e-05, "intermediate placement": 0.01007533073425293, "routing": 0.008516311645507812, "total": 0.018924951553344727}