{"scheduling": 0.0006585121154785156, "initial placement": 9.775161743164062e-05, "intermediate placement": 0.09908843040466309, "routing": 0.1937119960784912, "total": 0.2959420680999756}