{"scheduling": 0.00035452842712402344, "initial placement": 6.651878356933594e-05, "intermediate placement": 0.038591861724853516, "routing": 0.06735515594482422, "total": 0.10733580589294434}