{"scheduling": 9.274482727050781e-05, "initial placement": 5.602836608886719e-05, "intermediate placement": 0.015993595123291016, "routing": 0.016495943069458008, "total": 0.03298473358154297}