{"scheduling": 0.00011110305786132812, "initial placement": 8.654594421386719e-05, "intermediate placement": 0.03008556365966797, "routing": 0.018437862396240234, "total": 0.0491487979888916}