{"scheduling": 6.699562072753906e-05, "initial placement": 8.7738037109375e-05, "intermediate placement": 0.014470100402832031, "routing": 0.009588003158569336, "total": 0.024485111236572266}