{
  "cir_fidelity": 0.7340500138075553,
  "cir_fidelity_1q_gate": 0.9886630428246849,
  "cir_fidelity_2q_gate": 0.9137248860125932,
  "cir_fidelity_2q_gate_for_idle": 1,
  "cir_fidelity_atom_transfer": 0.86582536479486,
  "cir_fidelity_coherence": 0.9384942002483179,
  "cir_duration": 5221.455114570291
}