{
  "cir_fidelity": 0.6985991706968484,
  "cir_fidelity_1q_gate": 0.9871809377902877,
  "cir_fidelity_2q_gate": 0.9000874278732445,
  "cir_fidelity_2q_gate_for_idle": 1,
  "cir_fidelity_atom_transfer": 0.8452827805735041,
  "cir_fidelity_coherence": 0.9301320032027384,
  "cir_duration": 5147.073577160163
}