{
  "cir_fidelity": 0.5298159045838564,
  "cir_fidelity_1q_gate": 0.9795097323372379,
  "cir_fidelity_2q_gate": 0.8433051360508336,
  "cir_fidelity_2q_gate_for_idle": 1,
  "cir_fidelity_atom_transfer": 0.7617505868384101,
  "cir_fidelity_coherence": 0.842012798900165,
  "cir_duration": 7571.427405206184
}