{
  "cir_fidelity": 0.04929714697989095,
  "cir_fidelity_1q_gate": 0.903015732658591,
  "cir_fidelity_2q_gate": 0.3781618071286901,
  "cir_fidelity_2q_gate_for_idle": 1,
  "cir_fidelity_atom_transfer": 0.21165948092457584,
  "cir_fidelity_coherence": 0.6820419343934011,
  "cir_duration": 6265.067749036167
}