{
  "cir_fidelity": 0.28340392125233155,
  "cir_fidelity_1q_gate": 0.9577136197001251,
  "cir_fidelity_2q_gate": 0.6629680834613703,
  "cir_fidelity_2q_gate_for_idle": 1,
  "cir_fidelity_atom_transfer": 0.5187525878460412,
  "cir_fidelity_coherence": 0.8604334666689931,
  "cir_duration": 5772.915883296953
}