{
  "cir_fidelity": 0.15592748616611418,
  "cir_fidelity_1q_gate": 0.9551308937479459,
  "cir_fidelity_2q_gate": 0.5907768628656768,
  "cir_fidelity_2q_gate_for_idle": 1,
  "cir_fidelity_atom_transfer": 0.4315291221619155,
  "cir_fidelity_coherence": 0.6403629499933899,
  "cir_duration": 22078.2244546771
}