{
  "cir_fidelity": 0.5476353908201306,
  "cir_fidelity_1q_gate": 0.9842233898629275,
  "cir_fidelity_2q_gate": 0.8183201210226748,
  "cir_fidelity_2q_gate_for_idle": 1,
  "cir_fidelity_atom_transfer": 0.7260327850203423,
  "cir_fidelity_coherence": 0.936522816761608,
  "cir_duration": 8131.44447457369
}