{
  "cir_fidelity": 0.009839490282587722,
  "cir_fidelity_1q_gate": 0.9073612810115471,
  "cir_fidelity_2q_gate": 0.21570623976979011,
  "cir_fidelity_2q_gate_for_idle": 1,
  "cir_fidelity_atom_transfer": 0.08636050578808334,
  "cir_fidelity_coherence": 0.5821226164379385,
  "cir_duration": 47406.70929338091
}