{
  "cir_fidelity": 0.2421465729188765,
  "cir_fidelity_1q_gate": 0.9637671722479362,
  "cir_fidelity_2q_gate": 0.6563549768288436,
  "cir_fidelity_2q_gate_for_idle": 1,
  "cir_fidelity_atom_transfer": 0.5105145071914673,
  "cir_fidelity_coherence": 0.7498239828718628,
  "cir_duration": 17837.29176132057
}