{
  "cir_fidelity": 0.4301147793453438,
  "cir_fidelity_1q_gate": 0.9689863770663911,
  "cir_fidelity_2q_gate": 0.7705488893118834,
  "cir_fidelity_2q_gate_for_idle": 1,
  "cir_fidelity_atom_transfer": 0.6595429797320624,
  "cir_fidelity_coherence": 0.8734205253747056,
  "cir_duration": 7934.691902758387
}