{"scheduling": 3.552436828613281e-05, "initial placement": 14.620607614517212, "intermediate placement": 0.045912742614746094, "routing": 0.003572225570678711, "total": 14.673610210418701}