{"scheduling": 3.4332275390625e-05, "initial placement": 9.573256015777588, "intermediate placement": 0.05089282989501953, "routing": 0.0036356449127197266, "total": 9.63143014907837}