{"scheduling": 5.745887756347656e-05, "initial placement": 8.377431869506836, "intermediate placement": 0.12990474700927734, "routing": 0.007322549819946289, "total": 8.521708011627197}