{"scheduling": 2.9087066650390625e-05, "initial placement": 14.326245546340942, "intermediate placement": 0.03361797332763672, "routing": 0.0026078224182128906, "total": 14.365188837051392}