{"scheduling": 5.316734313964844e-05, "initial placement": 18.910009145736694, "intermediate placement": 0.10216593742370605, "routing": 0.006063222885131836, "total": 19.02531671524048}