{"scheduling": 4.172325134277344e-05, "initial placement": 17.471616506576538, "intermediate placement": 0.05384016036987305, "routing": 0.003754138946533203, "total": 17.533364295959473}