{"scheduling": 4.363059997558594e-05, "initial placement": 17.447377681732178, "intermediate placement": 0.058579206466674805, "routing": 0.003675222396850586, "total": 17.513916492462158}