{"scheduling": 5.9604644775390625e-05, "initial placement": 18.509323835372925, "intermediate placement": 0.12041163444519043, "routing": 0.006679534912109375, "total": 18.643909215927124}