{"scheduling": 0.00010395050048828125, "initial placement": 19.95253872871399, "intermediate placement": 0.2796032428741455, "routing": 0.06672477722167969, "total": 20.31386685371399}