{"scheduling": 6.890296936035156e-05, "initial placement": 18.733105182647705, "intermediate placement": 0.08043670654296875, "routing": 0.01062774658203125, "total": 18.82526206970215}