{"scheduling": 0.00014472007751464844, "initial placement": 19.772574186325073, "intermediate placement": 0.3220047950744629, "routing": 0.04245901107788086, "total": 20.13887882232666}