{"scheduling": 0.0001418590545654297, "initial placement": 24.486002922058105, "intermediate placement": 0.26386284828186035, "routing": 0.01916360855102539, "total": 24.78400945663452}