{"scheduling": 5.316734313964844e-05, "initial placement": 27.97028088569641, "intermediate placement": 0.07505965232849121, "routing": 0.00658726692199707, "total": 28.056657075881958}