{"scheduling": 0.0003466606140136719, "initial placement": 137.6666111946106, "intermediate placement": 0.36311960220336914, "routing": 0.024147987365722656, "total": 138.06719636917114}