{"scheduling": 0.0006158351898193359, "initial placement": 223.93405985832214, "intermediate placement": 0.901726484298706, "routing": 0.056337594985961914, "total": 224.9154076576233}