{"scheduling": 0.00010585784912109375, "initial placement": 28.75190305709839, "intermediate placement": 0.13908982276916504, "routing": 0.011312484741210938, "total": 28.911052703857422}