{"scheduling": 0.00010442733764648438, "initial placement": 23.65276265144348, "intermediate placement": 0.19085407257080078, "routing": 0.014869928359985352, "total": 23.87108874320984}