{"scheduling": 7.677078247070312e-05, "initial placement": 18.907856225967407, "intermediate placement": 0.11628341674804688, "routing": 0.007033586502075195, "total": 19.03790807723999}