{"scheduling": 3.314018249511719e-05, "initial placement": 5.14984130859375e-05, "intermediate placement": 0.02451920509338379, "routing": 0.0034351348876953125, "total": 0.028163433074951172}