{"scheduling": 3.910064697265625e-05, "initial placement": 6.29425048828125e-05, "intermediate placement": 0.029151439666748047, "routing": 0.004931211471557617, "total": 0.03435039520263672}