{"scheduling": 3.552436828613281e-05, "initial placement": 8.797645568847656e-05, "intermediate placement": 0.03283977508544922, "routing": 0.004788637161254883, "total": 0.0379643440246582}