{"scheduling": 6.222724914550781e-05, "initial placement": 0.00018215179443359375, "intermediate placement": 0.09569478034973145, "routing": 0.009255647659301758, "total": 0.10550427436828613}