{"scheduling": 5.793571472167969e-05, "initial placement": 0.000102996826171875, "intermediate placement": 0.0541989803314209, "routing": 0.008333921432495117, "total": 0.06295013427734375}