{"scheduling": 4.410743713378906e-05, "initial placement": 7.009506225585938e-05, "intermediate placement": 0.031687021255493164, "routing": 0.005863189697265625, "total": 0.03787040710449219}