{"scheduling": 6.437301635742188e-05, "initial placement": 0.000110626220703125, "intermediate placement": 0.06257462501525879, "routing": 0.009183406829833984, "total": 0.07221174240112305}