{"scheduling": 4.363059997558594e-05, "initial placement": 7.2479248046875e-05, "intermediate placement": 0.0335993766784668, "routing": 0.005304098129272461, "total": 0.03919863700866699}