{"scheduling": 0.00010848045349121094, "initial placement": 0.00019931793212890625, "intermediate placement": 0.1376335620880127, "routing": 0.017325401306152344, "total": 0.15574932098388672}