{"scheduling": 0.00014662742614746094, "initial placement": 0.00024437904357910156, "intermediate placement": 0.2940971851348877, "routing": 0.14343833923339844, "total": 0.4381439685821533}