{"scheduling": 7.534027099609375e-05, "initial placement": 0.00011801719665527344, "intermediate placement": 0.07336735725402832, "routing": 0.02582573890686035, "total": 0.0995337963104248}