{"scheduling": 0.0001304149627685547, "initial placement": 9.322166442871094e-05, "intermediate placement": 0.1617109775543213, "routing": 0.026300907135009766, "total": 0.18882131576538086}