{"scheduling": 5.6743621826171875e-05, "initial placement": 4.9114227294921875e-05, "intermediate placement": 0.05288100242614746, "routing": 0.009062767028808594, "total": 0.06225943565368652}