{"scheduling": 0.0003101825714111328, "initial placement": 6.699562072753906e-05, "intermediate placement": 0.27469754219055176, "routing": 0.07264924049377441, "total": 0.34853053092956543}