{"scheduling": 0.0006008148193359375, "initial placement": 9.179115295410156e-05, "intermediate placement": 0.7492828369140625, "routing": 0.1839144229888916, "total": 0.9352133274078369}