{"scheduling": 8.916854858398438e-05, "initial placement": 4.887580871582031e-05, "intermediate placement": 0.10315346717834473, "routing": 0.015556097030639648, "total": 0.11914467811584473}