{"scheduling": 0.00010824203491210938, "initial placement": 7.939338684082031e-05, "intermediate placement": 0.12341046333312988, "routing": 0.020827770233154297, "total": 0.14488577842712402}