{"scheduling": 6.29425048828125e-05, "initial placement": 8.320808410644531e-05, "intermediate placement": 0.055017709732055664, "routing": 0.010265111923217773, "total": 0.06566286087036133}