{
  "cir_fidelity": 0.7441697513824077,
  "cir_fidelity_1q_gate": 0.9886630428246849,
  "cir_fidelity_2q_gate": 0.9137248860125932,
  "cir_fidelity_2q_gate_for_idle": 1,
  "cir_fidelity_atom_transfer": 0.8658253647948599,
  "cir_fidelity_coherence": 0.9514324399368794,
  "cir_duration": 4143.724542163135
}