{
  "cir_fidelity": 0.3502840683955003,
  "cir_fidelity_1q_gate": 0.9684050724489265,
  "cir_fidelity_2q_gate": 0.8348931673187264,
  "cir_fidelity_2q_gate_for_idle": 1,
  "cir_fidelity_atom_transfer": 0.7496535623221524,
  "cir_fidelity_coherence": 0.5779254418222032,
  "cir_duration": 11845.15882024376
}