{
  "cir_fidelity": 0.717494741655548,
  "cir_fidelity_1q_gate": 0.9886630428246849,
  "cir_fidelity_2q_gate": 0.9137248860125932,
  "cir_fidelity_2q_gate_for_idle": 1,
  "cir_fidelity_atom_transfer": 0.8658253647948599,
  "cir_fidelity_coherence": 0.9173280309057142,
  "cir_duration": 4446.592252541319
}