{
  "cir_fidelity": 0.5378044160542768,
  "cir_fidelity_1q_gate": 0.9795097323372379,
  "cir_fidelity_2q_gate": 0.8433051360508336,
  "cir_fidelity_2q_gate_for_idle": 1,
  "cir_fidelity_atom_transfer": 0.76175058683841,
  "cir_fidelity_coherence": 0.854708584066407,
  "cir_duration": 6933.061847244048
}