{
  "cir_fidelity": 0.7051910154965322,
  "cir_fidelity_1q_gate": 0.9871809377902877,
  "cir_fidelity_2q_gate": 0.9000874278732445,
  "cir_fidelity_2q_gate_for_idle": 1,
  "cir_fidelity_atom_transfer": 0.845282780573504,
  "cir_fidelity_coherence": 0.9389085464130825,
  "cir_duration": 4508.708019198028
}