{
  "cir_fidelity": 0.47912833521386844,
  "cir_fidelity_1q_gate": 0.9765751669826964,
  "cir_fidelity_2q_gate": 0.8224322824348486,
  "cir_fidelity_2q_gate_for_idle": 1,
  "cir_fidelity_atom_transfer": 0.7318672718448679,
  "cir_fidelity_coherence": 0.8151052741502772,
  "cir_duration": 7867.268971621483
}