{
  "cir_fidelity": 0.1623735207416066,
  "cir_fidelity_1q_gate": 0.9545579011734772,
  "cir_fidelity_2q_gate": 0.6797938283326578,
  "cir_fidelity_2q_gate_for_idle": 1,
  "cir_fidelity_atom_transfer": 0.5399340883485078,
  "cir_fidelity_coherence": 0.46344154804057647,
  "cir_duration": 14939.734944878164
}