{
  "cir_fidelity": 0.28881671981037443,
  "cir_fidelity_1q_gate": 0.9577136197001251,
  "cir_fidelity_2q_gate": 0.6629680834613703,
  "cir_fidelity_2q_gate_for_idle": 1,
  "cir_fidelity_atom_transfer": 0.5187525878460407,
  "cir_fidelity_coherence": 0.8768670890659509,
  "cir_duration": 5099.494764773536
}