{
  "cir_fidelity": 0.5332349106724142,
  "cir_fidelity_1q_gate": 0.9842233898629275,
  "cir_fidelity_2q_gate": 0.8183201210226748,
  "cir_fidelity_2q_gate_for_idle": 1,
  "cir_fidelity_atom_transfer": 0.7260327850203431,
  "cir_fidelity_coherence": 0.9118962523416891,
  "cir_duration": 11187.569016540581
}