{
  "cir_fidelity": 2.3976901778212377e-07,
  "cir_fidelity_1q_gate": 0.7781487112332806,
  "cir_fidelity_2q_gate": 0.01759555950230475,
  "cir_fidelity_2q_gate_for_idle": 1,
  "cir_fidelity_atom_transfer": 0.0015785853976124451,
  "cir_fidelity_coherence": 0.011093262746730793,
  "cir_duration": 220515.4091436127
}