{
  "cir_fidelity": 0.006035518133422817,
  "cir_fidelity_1q_gate": 0.9073612810115471,
  "cir_fidelity_2q_gate": 0.21570623976979011,
  "cir_fidelity_2q_gate_for_idle": 1,
  "cir_fidelity_atom_transfer": 0.08636050578808448,
  "cir_fidelity_coherence": 0.35707252169394516,
  "cir_duration": 86397.41534599726
}