{
  "cir_fidelity": 0.22333568626063832,
  "cir_fidelity_1q_gate": 0.9637671722479362,
  "cir_fidelity_2q_gate": 0.6563549768288436,
  "cir_fidelity_2q_gate_for_idle": 1,
  "cir_fidelity_atom_transfer": 0.5105145071914676,
  "cir_fidelity_coherence": 0.6915747423998251,
  "cir_duration": 22626.018954994735
}