{
  "cir_fidelity": 0.42616276593502644,
  "cir_fidelity_1q_gate": 0.9689863770663911,
  "cir_fidelity_2q_gate": 0.7705488893118834,
  "cir_fidelity_2q_gate_for_idle": 1,
  "cir_fidelity_atom_transfer": 0.6595429797320629,
  "cir_fidelity_coherence": 0.8653952963082194,
  "cir_duration": 8444.859980918183
}