{
  "cir_fidelity": 0.6040062254768169,
  "cir_fidelity_1q_gate": 0.9765751669826964,
  "cir_fidelity_2q_gate": 0.8224322824348486,
  "cir_fidelity_2q_gate_for_idle": 1,
  "cir_fidelity_atom_transfer": 0.8486723814588923,
  "cir_fidelity_coherence": 0.886126083132889,
  "cir_duration": 4691.658882222408
}