{
  "cir_fidelity": 0.29118553200504027,
  "cir_fidelity_1q_gate": 0.9545579011734772,
  "cir_fidelity_2q_gate": 0.6797938283326578,
  "cir_fidelity_2q_gate_for_idle": 1,
  "cir_fidelity_atom_transfer": 0.7088069214222268,
  "cir_fidelity_coherence": 0.633085473719113,
  "cir_duration": 8935.828516826768
}