{
  "cir_fidelity": 0.7772061139525379,
  "cir_fidelity_1q_gate": 0.986588718073898,
  "cir_fidelity_2q_gate": 0.8955869907338783,
  "cir_fidelity_2q_gate_for_idle": 1,
  "cir_fidelity_atom_transfer": 0.9120631656822732,
  "cir_fidelity_coherence": 0.9644225807432965,
  "cir_duration": 2523.115090836984
}