{
  "cir_fidelity": 0.4481808714441506,
  "cir_fidelity_1q_gate": 0.9577136197001251,
  "cir_fidelity_2q_gate": 0.6629680834613703,
  "cir_fidelity_2q_gate_for_idle": 1,
  "cir_fidelity_atom_transfer": 0.7202448110511042,
  "cir_fidelity_coherence": 0.9800424647290679,
  "cir_duration": 1016.638721758116
}