{
  "cir_fidelity": 0.36555382228051997,
  "cir_fidelity_1q_gate": 0.9637671722479362,
  "cir_fidelity_2q_gate": 0.6563549768288436,
  "cir_fidelity_2q_gate_for_idle": 1,
  "cir_fidelity_atom_transfer": 0.6755716005914152,
  "cir_fidelity_coherence": 0.8553995801586577,
  "cir_duration": 9835.423708272732
}