{
  "cir_fidelity": 0.5235679140081899,
  "cir_fidelity_1q_gate": 0.9689863770663911,
  "cir_fidelity_2q_gate": 0.7705488893118834,
  "cir_fidelity_2q_gate_for_idle": 1,
  "cir_fidelity_atom_transfer": 0.8056482291095438,
  "cir_fidelity_coherence": 0.8703815906191744,
  "cir_duration": 8016.235082714965
}