{"scheduling": 6.318092346191406e-05, "initial placement": 8.522841930389404, "intermediate placement": 0.1301119327545166, "routing": 0.006737947463989258, "total": 8.66684603691101}