{"scheduling": 3.9577484130859375e-05, "initial placement": 9.594775438308716, "intermediate placement": 0.051344871520996094, "routing": 0.003641843795776367, "total": 9.653486013412476}