{"scheduling": 3.3855438232421875e-05, "initial placement": 14.119000911712646, "intermediate placement": 0.034467458724975586, "routing": 0.0027174949645996094, "total": 14.158922672271729}