{"scheduling": 3.600120544433594e-05, "initial placement": 14.733733177185059, "intermediate placement": 0.04711341857910156, "routing": 0.003520965576171875, "total": 14.78800106048584}