{"scheduling": 5.555152893066406e-05, "initial placement": 18.740607500076294, "intermediate placement": 0.10289168357849121, "routing": 0.006352901458740234, "total": 18.856757402420044}