{"scheduling": 3.9577484130859375e-05, "initial placement": 18.094306230545044, "intermediate placement": 0.05548572540283203, "routing": 0.05231785774230957, "total": 18.20649528503418}