{"scheduling": 0.00010919570922851562, "initial placement": 19.68110227584839, "intermediate placement": 0.2796308994293213, "routing": 0.013627290725708008, "total": 19.989627599716187}