{"scheduling": 6.198883056640625e-05, "initial placement": 19.111056804656982, "intermediate placement": 0.1248934268951416, "routing": 0.007365226745605469, "total": 19.251115322113037}