{"scheduling": 4.315376281738281e-05, "initial placement": 17.846781969070435, "intermediate placement": 0.057554006576538086, "routing": 0.004847049713134766, "total": 17.913504362106323}