{"scheduling": 7.2479248046875e-05, "initial placement": 19.07944416999817, "intermediate placement": 0.08464837074279785, "routing": 0.011086463928222656, "total": 19.176514148712158}