{"scheduling": 0.00014901161193847656, "initial placement": 19.89349627494812, "intermediate placement": 0.331526517868042, "routing": 0.04256153106689453, "total": 20.269432544708252}