{"scheduling": 0.0001316070556640625, "initial placement": 23.78031611442566, "intermediate placement": 0.26115894317626953, "routing": 0.05576300621032715, "total": 24.11204767227173}