{"scheduling": 5.555152893066406e-05, "initial placement": 28.22728967666626, "intermediate placement": 0.07715892791748047, "routing": 0.006646871566772461, "total": 28.315941333770752}