{"scheduling": 0.0006215572357177734, "initial placement": 232.70505571365356, "intermediate placement": 0.9167807102203369, "routing": 0.05730772018432617, "total": 233.70291757583618}