{"scheduling": 0.0003204345703125, "initial placement": 139.23914623260498, "intermediate placement": 0.3617277145385742, "routing": 0.022790193557739258, "total": 139.63709163665771}