{"scheduling": 8.678436279296875e-05, "initial placement": 28.78482460975647, "intermediate placement": 0.1419839859008789, "routing": 0.010845661163330078, "total": 28.945284366607666}