{"scheduling": 0.00010728836059570312, "initial placement": 23.328548908233643, "intermediate placement": 0.19263648986816406, "routing": 0.014980316162109375, "total": 23.547972679138184}