{"scheduling": 6.198883056640625e-05, "initial placement": 18.527051210403442, "intermediate placement": 0.11399221420288086, "routing": 0.007674455642700195, "total": 18.654645919799805}