{
  "cir_fidelity": 0.6547447257373359,
  "cir_fidelity_1q_gate": 0.9795097323372379,
  "cir_fidelity_2q_gate": 0.8433051360508336,
  "cir_fidelity_2q_gate_for_idle": 1,
  "cir_fidelity_atom_transfer": 0.8692973418545477,
  "cir_fidelity_coherence": 0.9118221884811012,
  "cir_duration": 4114.15593418729
}