{
  "cir_fidelity": 0.4661529108880538,
  "cir_fidelity_1q_gate": 0.9704411656798424,
  "cir_fidelity_2q_gate": 0.6696478204705647,
  "cir_fidelity_2q_gate_for_idle": 1,
  "cir_fidelity_atom_transfer": 0.7407070321561015,
  "cir_fidelity_coherence": 0.9684256019766191,
  "cir_duration": 5255.677050866467
}