{
  "cir_fidelity": 0.38637381105049756,
  "cir_fidelity_1q_gate": 0.9637671722479362,
  "cir_fidelity_2q_gate": 0.6563549768288436,
  "cir_fidelity_2q_gate_for_idle": 1,
  "cir_fidelity_atom_transfer": 0.6810005752658346,
  "cir_fidelity_coherence": 0.8969108772333226,
  "cir_duration": 7002.3841443332185
}