{"scheduling": 0.00038242340087890625, "initial placement": 59.90397620201111, "intermediate placement": 0.23741865158081055, "routing": 0.1645505428314209, "total": 60.3147246837616}