{"scheduling": 2.6226043701171875e-05, "initial placement": 13.912863731384277, "intermediate placement": 0.036485910415649414, "routing": 0.003908634185791016, "total": 13.95598578453064}