{"scheduling": 3.218650817871094e-05, "initial placement": 14.376419067382812, "intermediate placement": 0.04777836799621582, "routing": 0.0036025047302246094, "total": 14.431499719619751}