{"scheduling": 3.552436828613281e-05, "initial placement": 9.672845363616943, "intermediate placement": 0.05083489418029785, "routing": 0.003728628158569336, "total": 9.731196880340576}