{"scheduling": 5.53131103515625e-05, "initial placement": 8.324644088745117, "intermediate placement": 0.1284332275390625, "routing": 0.006633758544921875, "total": 8.46677303314209}