{"scheduling": 3.647804260253906e-05, "initial placement": 17.869173765182495, "intermediate placement": 0.05376696586608887, "routing": 0.004492044448852539, "total": 17.931522607803345}