{"scheduling": 5.269050598144531e-05, "initial placement": 18.447425842285156, "intermediate placement": 0.10149073600769043, "routing": 0.006329536437988281, "total": 18.562249660491943}