{"scheduling": 5.698204040527344e-05, "initial placement": 18.9467191696167, "intermediate placement": 0.12106847763061523, "routing": 0.006751537322998047, "total": 19.082066535949707}