{"scheduling": 3.695487976074219e-05, "initial placement": 17.755487203598022, "intermediate placement": 0.056969404220581055, "routing": 0.0039136409759521484, "total": 17.82064390182495}