{"scheduling": 0.00010538101196289062, "initial placement": 19.994871377944946, "intermediate placement": 0.27871227264404297, "routing": 0.015216588973999023, "total": 20.304058074951172}