{"scheduling": 7.033348083496094e-05, "initial placement": 18.60746479034424, "intermediate placement": 0.08195304870605469, "routing": 0.01089334487915039, "total": 18.701653957366943}