{"scheduling": 0.00014352798461914062, "initial placement": 19.173556566238403, "intermediate placement": 0.31888556480407715, "routing": 0.04248189926147461, "total": 19.53696894645691}