{"scheduling": 0.00013113021850585938, "initial placement": 24.00210666656494, "intermediate placement": 0.26079869270324707, "routing": 0.01871657371520996, "total": 24.29849410057068}