{"scheduling": 5.2928924560546875e-05, "initial placement": 28.036248922348022, "intermediate placement": 0.07565736770629883, "routing": 0.006202220916748047, "total": 28.12287402153015}