{"scheduling": 0.0003101825714111328, "initial placement": 135.0972182750702, "intermediate placement": 0.3522062301635742, "routing": 0.07914161682128906, "total": 135.54171562194824}