{"scheduling": 0.0007824897766113281, "initial placement": 226.52335691452026, "intermediate placement": 0.8989243507385254, "routing": 0.05991554260253906, "total": 227.5059757232666}