{"scheduling": 8.630752563476562e-05, "initial placement": 27.59600830078125, "intermediate placement": 0.14910459518432617, "routing": 0.01293802261352539, "total": 27.765340089797974}