{"scheduling": 0.00010228157043457031, "initial placement": 23.769031524658203, "intermediate placement": 0.19491291046142578, "routing": 0.0738518238067627, "total": 24.049741506576538}