{"scheduling": 6.29425048828125e-05, "initial placement": 18.994307279586792, "intermediate placement": 0.1135108470916748, "routing": 0.008346080780029297, "total": 19.12201976776123}