{
  "cir_fidelity": 6.595085477271314e-08,
  "cir_fidelity_1q_gate": 0.7354695874997625,
  "cir_fidelity_2q_gate": 0.10586201936274785,
  "cir_fidelity_2q_gate_for_idle": 1,
  "cir_fidelity_atom_transfer": 0.027714675751556592,
  "cir_fidelity_coherence": 3.0563686322107895e-05,
  "cir_duration": 117847.28128532718
}