{"scheduling": 3.337860107421875e-05, "initial placement": 7.176399230957031e-05, "intermediate placement": 0.014570474624633789, "routing": 0.003264188766479492, "total": 0.021375179290771484}