{"scheduling": 2.6941299438476562e-05, "initial placement": 5.602836608886719e-05, "intermediate placement": 0.009801626205444336, "routing": 0.0023984909057617188, "total": 0.014812231063842773}