{"scheduling": 5.6743621826171875e-05, "initial placement": 0.00019025802612304688, "intermediate placement": 0.04568767547607422, "routing": 0.006308555603027344, "total": 0.059151649475097656}