{"scheduling": 3.695487976074219e-05, "initial placement": 9.775161743164062e-05, "intermediate placement": 0.0167539119720459, "routing": 0.003303050994873047, "total": 0.02371692657470703}