{"scheduling": 4.267692565917969e-05, "initial placement": 9.226799011230469e-05, "intermediate placement": 0.02070474624633789, "routing": 0.004049777984619141, "total": 0.029628992080688477}