{"scheduling": 5.316734313964844e-05, "initial placement": 0.00010561943054199219, "intermediate placement": 0.03222990036010742, "routing": 0.0060079097747802734, "total": 0.0449519157409668}