{"scheduling": 0.00010251998901367188, "initial placement": 0.00020360946655273438, "intermediate placement": 0.10634946823120117, "routing": 0.013300418853759766, "total": 0.1358630657196045}