{"scheduling": 4.482269287109375e-05, "initial placement": 8.7738037109375e-05, "intermediate placement": 0.020251750946044922, "routing": 0.003724813461303711, "total": 0.029056072235107422}