{"scheduling": 5.8650970458984375e-05, "initial placement": 0.00011420249938964844, "intermediate placement": 0.038407087326049805, "routing": 0.006641864776611328, "total": 0.0526123046875}