{"scheduling": 9.918212890625e-05, "initial placement": 0.00017070770263671875, "intermediate placement": 0.01336812973022461, "routing": 0.012130498886108398, "total": 0.026888608932495117}