{"scheduling": 0.00014448165893554688, "initial placement": 0.0002453327178955078, "intermediate placement": 0.049433231353759766, "routing": 0.04997706413269043, "total": 0.10139584541320801}