{"scheduling": 0.00015211105346679688, "initial placement": 9.942054748535156e-05, "intermediate placement": 0.08356261253356934, "routing": 0.02184772491455078, "total": 0.1216423511505127}