{"scheduling": 5.316734313964844e-05, "initial placement": 5.245208740234375e-05, "intermediate placement": 0.01841902732849121, "routing": 0.005719423294067383, "total": 0.028706789016723633}