{"scheduling": 0.00033211708068847656, "initial placement": 6.461143493652344e-05, "intermediate placement": 0.06714582443237305, "routing": 0.023214340209960938, "total": 0.10332608222961426}