{"scheduling": 0.0006132125854492188, "initial placement": 9.989738464355469e-05, "intermediate placement": 0.16139864921569824, "routing": 0.06414508819580078, "total": 0.24947285652160645}