{"scheduling": 8.749961853027344e-05, "initial placement": 5.9604644775390625e-05, "intermediate placement": 0.029499530792236328, "routing": 0.010926008224487305, "total": 0.047801971435546875}