{"scheduling": 0.00010180473327636719, "initial placement": 8.106231689453125e-05, "intermediate placement": 0.0577692985534668, "routing": 0.016490697860717773, "total": 0.08607244491577148}