{"scheduling": 6.198883056640625e-05, "initial placement": 8.416175842285156e-05, "intermediate placement": 0.027092695236206055, "routing": 0.04148292541503906, "total": 0.074249267578125}