{"scheduling": 3.7670135498046875e-05, "initial placement": 9.036064147949219e-05, "intermediate placement": 0.05404233932495117, "routing": 0.0031893253326416016, "total": 0.060822248458862305}