{"scheduling": 4.0531158447265625e-05, "initial placement": 6.413459777832031e-05, "intermediate placement": 0.04767608642578125, "routing": 0.003141164779663086, "total": 0.05446314811706543}