{"scheduling": 6.008148193359375e-05, "initial placement": 0.00018715858459472656, "intermediate placement": 0.1545882225036621, "routing": 0.0062940120697021484, "total": 0.16817665100097656}