{"scheduling": 3.314018249511719e-05, "initial placement": 5.2928924560546875e-05, "intermediate placement": 0.03297853469848633, "routing": 0.03479957580566406, "total": 0.07042384147644043}