{"scheduling": 5.4836273193359375e-05, "initial placement": 0.00010466575622558594, "intermediate placement": 0.10064578056335449, "routing": 0.0060770511627197266, "total": 0.11339306831359863}