{"scheduling": 4.076957702636719e-05, "initial placement": 7.176399230957031e-05, "intermediate placement": 0.05395960807800293, "routing": 0.003538846969604492, "total": 0.0616002082824707}