{"scheduling": 4.4345855712890625e-05, "initial placement": 7.581710815429688e-05, "intermediate placement": 0.057329416275024414, "routing": 0.0040209293365478516, "total": 0.06574273109436035}