{"scheduling": 0.0001087188720703125, "initial placement": 0.0002052783966064453, "intermediate placement": 0.2780344486236572, "routing": 0.012872457504272461, "total": 0.30600452423095703}