{"scheduling": 6.246566772460938e-05, "initial placement": 0.00011205673217773438, "intermediate placement": 0.12151885032653809, "routing": 0.007023811340332031, "total": 0.13621306419372559}