{"scheduling": 7.104873657226562e-05, "initial placement": 0.00011849403381347656, "intermediate placement": 0.08235836029052734, "routing": 0.010324954986572266, "total": 0.0938558578491211}