{"scheduling": 0.00014662742614746094, "initial placement": 0.0002503395080566406, "intermediate placement": 0.328110933303833, "routing": 0.04205894470214844, "total": 0.37221193313598633}