{"scheduling": 0.00013184547424316406, "initial placement": 9.393692016601562e-05, "intermediate placement": 0.270587682723999, "routing": 0.01780247688293457, "total": 0.3029787540435791}