{"scheduling": 5.602836608886719e-05, "initial placement": 5.1021575927734375e-05, "intermediate placement": 0.07730817794799805, "routing": 0.00581049919128418, "total": 0.0877077579498291}