{"scheduling": 0.00031495094299316406, "initial placement": 6.67572021484375e-05, "intermediate placement": 0.3561890125274658, "routing": 0.02228689193725586, "total": 0.39171290397644043}