{"scheduling": 0.0006167888641357422, "initial placement": 9.298324584960938e-05, "intermediate placement": 0.916210412979126, "routing": 0.05438637733459473, "total": 0.994135856628418}