{"scheduling": 8.749961853027344e-05, "initial placement": 4.839897155761719e-05, "intermediate placement": 0.1409144401550293, "routing": 0.010844707489013672, "total": 0.15916061401367188}