{"scheduling": 0.00010395050048828125, "initial placement": 8.177757263183594e-05, "intermediate placement": 0.20518207550048828, "routing": 0.014080286026000977, "total": 0.23110103607177734}