{"scheduling": 6.532669067382812e-05, "initial placement": 8.320808410644531e-05, "intermediate placement": 0.11220765113830566, "routing": 0.006922006607055664, "total": 0.12484359741210938}