{"scheduling": 3.552436828613281e-05, "initial placement": 7.82012939453125e-05, "intermediate placement": 0.014540672302246094, "routing": 0.003766298294067383, "total": 0.02187967300415039}