{"scheduling": 2.8848648071289062e-05, "initial placement": 6.0558319091796875e-05, "intermediate placement": 0.00995182991027832, "routing": 0.002407073974609375, "total": 0.015130758285522461}