{"scheduling": 5.841255187988281e-05, "initial placement": 0.00019121170043945312, "intermediate placement": 0.04597067832946777, "routing": 0.006113767623901367, "total": 0.0593562126159668}