{"scheduling": 3.361701965332031e-05, "initial placement": 0.000102996826171875, "intermediate placement": 0.016767501831054688, "routing": 0.003826141357421875, "total": 0.024238109588623047}