{"scheduling": 5.340576171875e-05, "initial placement": 0.00010776519775390625, "intermediate placement": 0.033208608627319336, "routing": 0.006218433380126953, "total": 0.046437978744506836}