{"scheduling": 4.029273986816406e-05, "initial placement": 8.416175842285156e-05, "intermediate placement": 0.017318010330200195, "routing": 0.003496408462524414, "total": 0.024941682815551758}