{"scheduling": 5.9604644775390625e-05, "initial placement": 0.00012445449829101562, "intermediate placement": 0.03889727592468262, "routing": 0.0065593719482421875, "total": 0.05302000045776367}