{"scheduling": 0.00012636184692382812, "initial placement": 0.0002484321594238281, "intermediate placement": 0.10823392868041992, "routing": 0.06972146034240723, "total": 0.1949143409729004}