{"scheduling": 3.814697265625e-05, "initial placement": 7.724761962890625e-05, "intermediate placement": 0.018250226974487305, "routing": 0.003697633743286133, "total": 0.02623915672302246}