{"scheduling": 6.914138793945312e-05, "initial placement": 0.00011944770812988281, "intermediate placement": 0.013402700424194336, "routing": 0.011940717697143555, "total": 0.026539325714111328}