{"scheduling": 0.00014209747314453125, "initial placement": 0.0002582073211669922, "intermediate placement": 0.04988431930541992, "routing": 0.051091909408569336, "total": 0.1029515266418457}