{"scheduling": 0.00013184547424316406, "initial placement": 0.00012826919555664062, "intermediate placement": 0.07584238052368164, "routing": 0.019957780838012695, "total": 0.11132192611694336}