{"scheduling": 5.269050598144531e-05, "initial placement": 5.269050598144531e-05, "intermediate placement": 0.018192291259765625, "routing": 0.005674600601196289, "total": 0.028369426727294922}