{"scheduling": 0.0007424354553222656, "initial placement": 0.00011467933654785156, "intermediate placement": 0.16597914695739746, "routing": 0.06349802017211914, "total": 0.25474095344543457}