{"scheduling": 0.00031948089599609375, "initial placement": 7.653236389160156e-05, "intermediate placement": 0.06732630729675293, "routing": 0.06878256797790527, "total": 0.14911913871765137}