{"scheduling": 8.821487426757812e-05, "initial placement": 6.389617919921875e-05, "intermediate placement": 0.030059814453125, "routing": 0.010344266891479492, "total": 0.04823040962219238}