{"scheduling": 0.00012254714965820312, "initial placement": 9.751319885253906e-05, "intermediate placement": 0.05724215507507324, "routing": 0.014355182647705078, "total": 0.08366990089416504}