{"scheduling": 6.246566772460938e-05, "initial placement": 8.559226989746094e-05, "intermediate placement": 0.026027917861938477, "routing": 0.006191730499267578, "total": 0.03782367706298828}