{
  "cir_fidelity": 0.811308139166808,
  "cir_fidelity_1q_gate": 0.9886630428246849,
  "cir_fidelity_2q_gate": 0.9137248860125932,
  "cir_fidelity_2q_gate_for_idle": 1,
  "cir_fidelity_atom_transfer": 0.9267809647166124,
  "cir_fidelity_coherence": 0.9690472963301401,
  "cir_duration": 1675.5659700638685
}