{
  "cir_fidelity": 0.6675386922436551,
  "cir_fidelity_1q_gate": 0.9795097323372379,
  "cir_fidelity_2q_gate": 0.8433051360508336,
  "cir_fidelity_2q_gate_for_idle": 1,
  "cir_fidelity_atom_transfer": 0.8658253647948606,
  "cir_fidelity_coherence": 0.9333674217765228,
  "cir_duration": 3117.290731749905
}