{
  "cir_fidelity": 0.7850475716547726,
  "cir_fidelity_1q_gate": 0.986588718073898,
  "cir_fidelity_2q_gate": 0.8955869907338783,
  "cir_fidelity_2q_gate_for_idle": 1,
  "cir_fidelity_atom_transfer": 0.9120631656822732,
  "cir_fidelity_coherence": 0.9741529196305178,
  "cir_duration": 1869.302822245958
}