{
  "cir_fidelity": 0.6252997484710286,
  "cir_fidelity_1q_gate": 0.9765751669826964,
  "cir_fidelity_2q_gate": 0.8224322824348486,
  "cir_fidelity_2q_gate_for_idle": 1,
  "cir_fidelity_atom_transfer": 0.8486723814588923,
  "cir_fidelity_coherence": 0.9173654070522169,
  "cir_duration": 3395.77013171968
}