{
  "cir_fidelity": 0.272785798846454,
  "cir_fidelity_1q_gate": 0.9551308937479459,
  "cir_fidelity_2q_gate": 0.5907768628656768,
  "cir_fidelity_2q_gate_for_idle": 1,
  "cir_fidelity_atom_transfer": 0.6015448579979461,
  "cir_fidelity_coherence": 0.803650774634239,
  "cir_duration": 11044.62053598281
}