{
  "cir_fidelity": 0.6693458927542155,
  "cir_fidelity_1q_gate": 0.9842233898629275,
  "cir_fidelity_2q_gate": 0.8183201210226748,
  "cir_fidelity_2q_gate_for_idle": 1,
  "cir_fidelity_atom_transfer": 0.8554924148377167,
  "cir_fidelity_coherence": 0.9714434580943898,
  "cir_duration": 3733.418925782471
}