{
  "cir_fidelity": 0.0016784489667644262,
  "cir_fidelity_1q_gate": 0.7781487112332806,
  "cir_fidelity_2q_gate": 0.01759555950230475,
  "cir_fidelity_2q_gate_for_idle": 1,
  "cir_fidelity_atom_transfer": 0.18771384857350665,
  "cir_fidelity_coherence": 0.6530495637195132,
  "cir_duration": 24262.27815778726
}