{
  "cir_fidelity": 0.14763342495661996,
  "cir_fidelity_1q_gate": 0.903015732658591,
  "cir_fidelity_2q_gate": 0.3781618071286901,
  "cir_fidelity_2q_gate_for_idle": 1,
  "cir_fidelity_atom_transfer": 0.5575003238156508,
  "cir_fidelity_coherence": 0.7754728361835243,
  "cir_duration": 4159.676745265308
}