{"scheduling": 0.00015163421630859375, "initial placement": 18.775956392288208, "intermediate placement": 0.28263115882873535, "routing": 0.033460140228271484, "total": 19.094087839126587}