{
  "cir_fidelity": 0.44748005051502465,
  "cir_fidelity_1q_gate": 0.9684050724489265,
  "cir_fidelity_2q_gate": 0.8348931673187264,
  "cir_fidelity_2q_gate_for_idle": 1,
  "cir_fidelity_atom_transfer": 0.8554924148377171,
  "cir_fidelity_coherence": 0.6469482653704716,
  "cir_duration": 9416.221351518487
}