{
  "cir_fidelity": 0.8570605197612543,
  "cir_fidelity_1q_gate": 0.99163393171361,
  "cir_fidelity_2q_gate": 0.9369146928798039,
  "cir_fidelity_2q_gate_for_idle": 1,
  "cir_fidelity_atom_transfer": 0.9455126435024226,
  "cir_fidelity_coherence": 0.9756470158425052,
  "cir_duration": 2803.889238336421
}