{
  "cir_fidelity": 0.2496640495789827,
  "cir_fidelity_1q_gate": 0.9551308937479459,
  "cir_fidelity_2q_gate": 0.5907768628656768,
  "cir_fidelity_2q_gate_for_idle": 1,
  "cir_fidelity_atom_transfer": 0.6186348025557735,
  "cir_fidelity_coherence": 0.7152128212029619,
  "cir_duration": 16622.107434367666
}