{
  "cir_fidelity": 0.6493564024890356,
  "cir_fidelity_1q_gate": 0.9842233898629275,
  "cir_fidelity_2q_gate": 0.8183201210226748,
  "cir_fidelity_2q_gate_for_idle": 1,
  "cir_fidelity_atom_transfer": 0.8554924148377168,
  "cir_fidelity_coherence": 0.9424320609095248,
  "cir_duration": 7219.936795566021
}