{
  "cir_fidelity": 0.07851660577749138,
  "cir_fidelity_1q_gate": 0.9073612810115471,
  "cir_fidelity_2q_gate": 0.21570623976979011,
  "cir_fidelity_2q_gate_for_idle": 1,
  "cir_fidelity_atom_transfer": 0.5229213460638852,
  "cir_fidelity_coherence": 0.767153366780266,
  "cir_duration": 23415.343402488787
}