{
  "cir_fidelity": 0.0010780802840424286,
  "cir_fidelity_1q_gate": 0.7781487112332806,
  "cir_fidelity_2q_gate": 0.01759555950230475,
  "cir_fidelity_2q_gate_for_idle": 1,
  "cir_fidelity_atom_transfer": 0.1862173832738319,
  "cir_fidelity_coherence": 0.42282942301332405,
  "cir_duration": 46256.916291223344
}