{
  "cir_fidelity": 0.3442626732915083,
  "cir_fidelity_1q_gate": 0.9637671722479362,
  "cir_fidelity_2q_gate": 0.6563549768288436,
  "cir_fidelity_2q_gate_for_idle": 1,
  "cir_fidelity_atom_transfer": 0.6810005752658342,
  "cir_fidelity_coherence": 0.7991559662417703,
  "cir_duration": 13880.452011261057
}